<?xml version="1.0" encoding="UTF-8"?>
<!--
Crea categorías base para el público objetivo de las encuestas.
Seguro incluso si el modelo sólo tiene el campo 'name'.
Si tu modelo también tiene 'color' o 'sequence', descomenta abajo.
-->
<odoo noupdate="1">

    <!-- Empleados -->
    <record id="aud_cat_employees" model="survey.audience.category">
        <field name="name">Empleados</field>
        <!-- <field name="color">1</field> -->
        <!-- <field name="sequence">10</field> -->
        <!-- <field name="active">True</field> -->
    </record>

    <!-- Clientes -->
    <record id="aud_cat_customers" model="survey.audience.category">
        <field name="name">Clientes</field>
        <!-- <field name="color">2</field> -->
        <!-- <field name="sequence">20</field> -->
        <!-- <field name="active">True</field> -->
    </record>

    <!-- Proveedores -->
    <record id="aud_cat_suppliers" model="survey.audience.category">
        <field name="name">Proveedores</field>
        <!-- <field name="color">3</field> -->
        <!-- <field name="sequence">30</field> -->
        <!-- <field name="active">True</field> -->
    </record>

    <!-- Estudiantes -->
    <record id="aud_cat_students" model="survey.audience.category">
        <field name="name">Estudiantes</field>
        <!-- <field name="color">4</field> -->
        <!-- <field name="sequence">40</field> -->
        <!-- <field name="active">True</field> -->
    </record>

    <!-- Socios / Partners -->
    <record id="aud_cat_partners" model="survey.audience.category">
        <field name="name">Socios</field>
        <!-- <field name="color">5</field> -->
        <!-- <field name="sequence">50</field> -->
        <!-- <field name="active">True</field> -->
    </record>

</odoo>
