<?xml version="1.0" encoding="UTF-8"?>
<!--
Crea categorías base para clasificar preguntas de encuesta.
Seguro incluso si el modelo sólo tiene 'name'.
Descomenta líneas extra si tu modelo tiene más campos.
-->
<odoo noupdate="1">

    <!-- Técnica -->
    <record id="qcat_technical" model="survey.question.category">
        <field name="name">Técnica</field>
        <!-- <field name="color">1</field> -->
        <!-- <field name="sequence">10</field> -->
        <!-- <field name="active">True</field> -->
        <!-- <field name="description">Conocimientos y habilidades técnicas.</field> -->
    </record>

    <!-- Actitudinal / Comportamiento -->
    <record id="qcat_behavioral" model="survey.question.category">
        <field name="name">Actitudinal</field>
        <!-- <field name="color">2</field> -->
        <!-- <field name="sequence">20</field> -->
        <!-- <field name="active">True</field> -->
        <!-- <field name="description">Competencias blandas y comportamiento.</field> -->
    </record>

    <!-- General -->
    <record id="qcat_general" model="survey.question.category">
        <field name="name">General</field>
        <!-- <field name="color">3</field> -->
        <!-- <field name="sequence">30</field> -->
        <!-- <field name="active">True</field> -->
        <!-- <field name="description">Preguntas generales o introductorias.</field> -->
    </record>

    <!-- Experiencia -->
    <record id="qcat_experience" model="survey.question.category">
        <field name="name">Experiencia</field>
        <!-- <field name="color">4</field> -->
        <!-- <field name="sequence">40</field> -->
        <!-- <field name="active">True</field> -->
        <!-- <field name="description">Años y tipo de experiencia relevante.</field> -->
    </record>

    <!-- Cumplimiento / Legal -->
    <record id="qcat_compliance" model="survey.question.category">
        <field name="name">Cumplimiento</field>
        <!-- <field name="color">5</field> -->
        <!-- <field name="sequence">50</field> -->
        <!-- <field name="active">True</field> -->
        <!-- <field name="description">Normativas, riesgos y políticas.</field> -->
    </record>

</odoo>
