<?xml version="1.0" encoding="UTF-8"?>
<odoo>
  <record id="survey_extension.cron_purge_survey_trash" model="ir.cron">
    <field name="name">Depuración de encuestas eliminadas</field>
    <field name="model_id" ref="survey_extension.model_survey_survey_trash"/>
    <field name="state">code</field>
    <field name="code">model._cron_purge_expired()</field>
    <field name="interval_number">1</field>
    <field name="interval_type">days</field>
    <field name="active">True</field>
    <field name="nextcall" eval="DateTime.now()"/>
    <field name="user_id" ref="base.user_root"/>
  </record>
</odoo>
